순위,제목,링크
1,탑건: 매버릭,/moviedb/main?movieId=114329
2,마녀(魔女) Part2. The Other One,/moviedb/main?movieId=146758
3,범죄도시 2,/moviedb/main?movieId=122749
4,브로커,/moviedb/main?movieId=144096
5,버즈 라이트이어,/moviedb/main?movieId=155087
6,쥬라기 월드: 도미니언,/moviedb/main?movieId=139235
7,극장판 윌벤져스 : 수상한 캠핑 대소동,/moviedb/main?movieId=160414
8,극장판 포켓몬스터DP: 기라티나와 하늘의 꽃다발 쉐이미,/moviedb/main?movieId=47111
9,헤어질 결심,/moviedb/main?movieId=144854
10,룸 쉐어링,/moviedb/main?movieId=152991
11,니 부모 얼굴이 보고 싶다,/moviedb/main?movieId=109937
12,로스트 시티,/moviedb/main?movieId=156501
13,모어,/moviedb/main?movieId=153828
14,니얼굴,/moviedb/main?movieId=145325
15,애프터 양,/moviedb/main?movieId=151102
